"","Game_1","Game_2","Game_3"
"1","game_claude_1_light","game_claude_2_moth","game_claude_4_decibel"
"2","game_claude_4_decibel","game_chat_5_glider","game_chat_5_glider"
"3","game_gemini_3_suture","game_gemini_1_static","game_gemini_4_substratum"
"4","game_chat_4_courier","game_claude_2_moth","game_claude_3_bureaucromancer"
"5","game_gemini_1_static","game_claude_6_flame","game_gemini_6_redact"
"6","game_claude_2_moth","game_claude_1_light","game_gemini_2_patch"
"7","game_claude_5_cartographer","game_gemini_6_redact","game_gemini_6_redact"
"8","game_chat_2_murmuration","game_claude_5_cartographer","game_claude_5_cartographer"
"9","game_gemini_5_rename","game_chat_4_courier","game_gemini_5_rename"
"10","game_gemini_5_rename","game_chat_5_glider","game_claude_1_light"
"11","game_claude_6_flame","game_chat_5_glider","game_chat_1_echo"
"12","game_claude_1_light","game_gemini_1_static","game_gemini_3_suture"
"13","game_claude_1_light","game_chat_6_tidepainter","game_claude_6_flame"
"14","game_gemini_1_static","game_claude_4_decibel","game_chat_1_echo"
"15","game_chat_2_murmuration","game_gemini_2_patch","game_chat_2_murmuration"
"16","game_claude_6_flame","game_chat_2_murmuration","game_chat_4_courier"
"17","game_chat_5_glider","game_gemini_4_substratum","game_claude_3_bureaucromancer"
"18","game_gemini_2_patch","game_chat_4_courier","game_claude_3_bureaucromancer"
"19","game_claude_2_moth","game_chat_1_echo","game_gemini_4_substratum"
"20","game_claude_4_decibel","game_gemini_4_substratum","game_chat_2_murmuration"
"21","game_chat_3_orbit","game_claude_1_light","game_chat_4_courier"
"22","game_chat_3_orbit","game_gemini_3_suture","game_claude_1_light"
"23","game_chat_5_glider","game_gemini_2_patch","game_gemini_6_redact"
"24","game_gemini_6_redact","game_claude_4_decibel","game_chat_6_tidepainter"
"25","game_gemini_2_patch","game_chat_6_tidepainter","game_gemini_2_patch"
"26","game_gemini_6_redact","game_claude_5_cartographer","game_chat_6_tidepainter"
"27","game_claude_3_bureaucromancer","game_chat_3_orbit","game_gemini_4_substratum"
"28","game_chat_1_echo","game_chat_3_orbit","game_claude_6_flame"
"29","game_gemini_3_suture","game_chat_3_orbit","game_gemini_3_suture"
"30","game_chat_6_tidepainter","game_chat_1_echo","game_gemini_1_static"
"31","game_claude_6_flame","game_chat_6_tidepainter","game_chat_2_murmuration"
"32","game_gemini_6_redact","game_gemini_3_suture","game_claude_4_decibel"
"33","game_chat_4_courier","game_claude_3_bureaucromancer","game_claude_6_flame"
"34","game_claude_2_moth","game_claude_2_moth","game_chat_6_tidepainter"
"35","game_gemini_5_rename","game_claude_3_bureaucromancer","game_claude_5_cartographer"
"36","game_gemini_3_suture","game_gemini_5_rename","game_gemini_5_rename"
"37","game_chat_2_murmuration","game_chat_1_echo","game_gemini_2_patch"
"38","game_gemini_4_substratum","game_claude_3_bureaucromancer","game_gemini_5_rename"
"39","game_chat_1_echo","game_claude_5_cartographer","game_claude_4_decibel"
"40","game_chat_4_courier","game_gemini_1_static","game_chat_3_orbit"
"41","game_gemini_1_static","game_gemini_4_substratum","game_claude_2_moth"
